filename,width,height,class,xmin,ymin,xmax,ymax
20220926_210748_008_jpg.rf.c2ed847a8249ec47d8a75e0260460d94.jpg,2268,4032,left,594,1315,1782,2038
20220926_210748_075_jpg.rf.c3face6b9cb33431393a9ba5675b5488.jpg,2268,4032,left,724,1362,2045,2121
20220926_205904_055_jpg.rf.bf936ab7bd86cad919e14bad0c527a1b.jpg,2268,4032,up,403,649,1423,2013
20220926_210959_078_jpg.rf.c10af1b0fed455c9bd02e476e73e4b83.jpg,2268,4032,left,799,1850,1584,2568
20220926_210650_004_jpg.rf.c4b4668d832be9f396ad000322eb12d6.jpg,2268,4032,right,832,1182,1391,1714
20220926_210650_007_jpg.rf.c572560d318bb3d1b79f1267c09c7df9.jpg,2268,4032,right,864,1149,1397,1727
20220926_205930_053_jpg.rf.c2b71451d68d64311dd6227b5c085bc7.jpg,2268,4032,down,533,1260,1527,2428
20220926_210640_056_jpg.rf.bfaefa199ae7ebf4e3adc5814d2df8d0.jpg,2268,4032,right,247,1565,1436,2772
20220926_210951_041_jpg.rf.c2aba8d1e76568e71a45d48c81285e2a.jpg,2268,4032,left,481,1498,1760,2406
20220926_210640_012_jpg.rf.c3e91f1b33a5a6a454e494430d622a99.jpg,2268,4032,right,513,1123,1521,1669
20220926_205930_037_jpg.rf.c4273204ae586228096e288cae16d5f5.jpg,2268,4032,down,500,1208,1423,2857
20220926_205930_043_jpg.rf.c3b1e737eb7badebf4b2f617ccf4c268.jpg,2268,4032,down,331,1461,1345,2974
20220926_210748_044_jpg.rf.c2ed679d8f135b2c5bd4f0e653cd8a13.jpg,2268,4032,left,670,1369,1943,2135
20220926_205904_021_jpg.rf.c1728eac287eaf370e2c4f9c4925d00f.jpg,2268,4032,up,403,104,2086,1630
20220926_210928_009_jpg.rf.c3b24742b24abc16ff1650e94f07449b.jpg,2268,4032,down,656,1234,1371,2656
20220926_210748_084_jpg.rf.c60db05c73c187a9ffd891e066d9f070.jpg,2268,4032,left,810,1542,2160,2232
20220926_210758_019_jpg.rf.c68d13774b49d866880cdd3167c92da7.jpg,2268,4032,left,569,1640,1720,2473
20220926_210640_023_jpg.rf.c68db39be993253c0c1645eb9037462d.jpg,2268,4032,right,1215,1149,2021,1824
20220926_210640_027_jpg.rf.c77a970557abf7e53c1d79c162359cbe.jpg,2268,4032,right,988,1266,1917,2065
20220926_210959_056_jpg.rf.c0bba54d7a04bace29302ff32dfbe245.jpg,2268,4032,left,832,1520,1987,2188
20220926_210959_047_jpg.rf.c01a62ebc964994a24cac0ae0f97ed65.jpg,2268,4032,left,778,1639,1922,2846
20220926_210936_082_jpg.rf.c00f809b279f5f26848bea2596f2d609.jpg,2268,4032,down,858,1104,1755,2662
20220926_211111_070_jpg.rf.c17b1a11f5843ed461fbacfaf084eb84.jpg,2268,4032,right,821,1207,1685,2124
20220926_210640_033_jpg.rf.c6f08729d70cfb964b5ba3f4fc6bb9e8.jpg,2268,4032,right,715,1591,1950,2480
20220926_210928_013_jpg.rf.c6e80c7ee7a2fd49e0c48748136af49a.jpg,2268,4032,down,793,1299,1417,2409
20220926_211111_064_jpg.rf.c8046783a631a4971acccdbcd45711f0.jpg,2268,4032,right,702,1477,1717,2296
20220926_210727_048_jpg.rf.cf19e7a8dd68b781802631f691c95083.jpg,2268,4032,right,390,1318,1651,1915
20220926_210959_083_jpg.rf.cce41d28a5b5f0cb2ee1df003fa830da.jpg,2268,4032,left,711,1538,1462,2467
20220926_205904_023_jpg.rf.ca56d4fde91d0c4e2122392288282dbb.jpg,2268,4032,up,357,110,1865,1682
20220926_210748_076_jpg.rf.cd44b1b21c00e3485670ac1914c2e0d5.jpg,2268,4032,left,767,1455,2084,2135
20220926_211118_003_jpg.rf.cd94a3997806e085c4b178ca1c0737b7.jpg,2268,4032,right,832,1578,1527,2240
20220926_205930_025_jpg.rf.c86a3c7a170629ddb7a798cf2ebb0761.jpg,2268,4032,down,715,1162,1696,2571
20220926_210951_012_jpg.rf.cc1e09b2234483a4352710f91d6a351e.jpg,2268,4032,left,779,1328,1882,2223
20220926_210748_041_jpg.rf.ce90f9447a9186e95fa8d20b642ae0e0.jpg,2268,4032,left,680,1348,1933,1984
20220926_210748_089_jpg.rf.c99bd21903707a90b99a329b85054612.jpg,2268,4032,left,872,1671,2052,2245
20220926_210936_055_jpg.rf.cdf9cb3d7c6b27ee3d7b5e02fe4de4b3.jpg,2268,4032,down,689,1071,1820,2591
20220926_210928_001_jpg.rf.cfb3e1a554589cd2c6aee9276a3554a2.jpg,2268,4032,down,578,1273,1365,2636
20220926_210748_023_jpg.rf.cf39aa553caab83822fbd22931caea1c.jpg,2268,4032,left,691,1369,1976,2059
20220926_211111_015_jpg.rf.d0381740657cc82b8c62f0630f08ac87.jpg,2268,4032,right,981,1389,1937,1980
20220926_210640_018_jpg.rf.d078bd9837f7efaf8800902e45b14aa0.jpg,2268,4032,right,1196,890,2073,1558
20220926_210650_013_jpg.rf.cfd8f81c4e565ebc3e3bd1401fd6d9e5.jpg,2268,4032,right,838,1149,1417,1695
20220926_210640_061_jpg.rf.cd98022d840105c109b61a14f2b21753.jpg,2268,4032,right,370,1565,2184,2805
20220926_210748_072_jpg.rf.cf09e49af27bf000e2f71a32a15d1a69.jpg,2268,4032,left,745,1520,2020,2091
20220926_210959_080_jpg.rf.d1320c461ee9beb26e76f2da5f8831b2.jpg,2268,4032,left,731,1687,1564,2507
20220926_210959_036_jpg.rf.d09b69a865fbfb631c18c129908a3459.jpg,2268,4032,left,781,1754,1853,2469
20220926_210936_039_jpg.rf.d1fe1d22fd363499f45dacd37d6ba826.jpg,2268,4032,down,819,1136,1722,2461
20220926_211118_002_jpg.rf.d22052e4c095209b633ff2e928045663.jpg,2268,4032,right,864,1545,1514,2246
20220926_210650_009_jpg.rf.d236b1d57550284667ee6ba1db5fce96.jpg,2268,4032,right,851,1188,1404,1721
20220926_210640_060_jpg.rf.d2585b12dae47445f7948d345d1a2915.jpg,2268,4032,right,286,1604,2210,2779
20220926_210951_032_jpg.rf.d27870ab9d6f7f5156f1a271adce58b9.jpg,2268,4032,left,482,1513,1686,2444
20220926_210640_057_jpg.rf.d2c403018940b1e4b97249c9796c18d7.jpg,2268,4032,right,260,1584,1410,2746
20220926_210748_046_jpg.rf.d31537e518a483b0c37a474717dbba90.jpg,2268,4032,left,724,1434,1976,2188
20220926_210928_019_jpg.rf.d7c535a3d7a1e4f51e94f807027fd894.jpg,2268,4032,down,682,1052,1228,2376
20220926_210758_004_jpg.rf.d6cda609222ff11dafbb1a8964d3fe3e.jpg,2268,4032,left,631,1912,1637,2469
20220926_210928_021_jpg.rf.d4168b297f7849e04334b91997c20c3a.jpg,2268,4032,down,624,1104,1228,2337
20220926_211111_006_jpg.rf.d6c42bab93f05e21f4d0a93a90961b8e.jpg,2268,4032,right,975,1117,1826,1805
20220926_210951_021_jpg.rf.d484b45601af5591a78c0311020e90cf.jpg,2268,4032,left,648,1261,1631,1908
20220926_211111_011_jpg.rf.d31e20c1ef338f78f0114e36c8147ca1.jpg,2268,4032,right,851,1097,1787,1870
20220926_210650_019_jpg.rf.daaa00734cb6eb65def96d359f61199d.jpg,2268,4032,right,1124,1130,1716,1747
20220926_210936_068_jpg.rf.d974973f1be90f850ee9641a5965a46a.jpg,2268,4032,down,533,1058,1469,2487
20220926_210748_011_jpg.rf.d8e1680fc051d67426f18bb5eeab4857.jpg,2268,4032,left,572,1369,1933,2081
20220926_210902_001_jpg.rf.d589a53f11799e1c2c95f794d9bc8dd3.jpg,2268,4032,up,448,675,1521,1980
20220926_210959_003_jpg.rf.d31897247c8a68986f7ededd367269db.jpg,2268,4032,left,900,1071,1862,1972
20220926_210640_001_jpg.rf.daafaabe4cc29f355602e5a3b80ccc86.jpg,2268,4032,right,494,1149,1274,1571
20220926_210748_022_jpg.rf.dc7c64a83059feec5d329629cab448dd.jpg,2268,4032,left,594,1412,1901,2167
20220926_210748_058_jpg.rf.d891810fb6ab8c2b3962b43489223f84.jpg,2268,4032,left,745,1450,1990,2277
20220926_210748_012_jpg.rf.db7487ac21d64b40b5ce7e6c22adc4a7.jpg,2268,4032,left,659,1294,1793,2081
20220926_210748_051_jpg.rf.d4a6303c9aa076dc307049b6749c2b2d.jpg,2268,4032,left,684,1484,2011,2229
20220926_211111_020_jpg.rf.d8b66a3ca434e4333d934b5b8753c9fb.jpg,2268,4032,right,825,1591,1943,2292
20220926_210748_059_jpg.rf.d8063ca8cec5485fb1e64dd840b87cca.jpg,2268,4032,left,711,1437,2018,2304
20220926_210650_025_jpg.rf.dbf58dccd9fd744924a80cd80033a1ca.jpg,2268,4032,right,1137,1266,1872,1857
20220926_210951_063_jpg.rf.de30ad3fb8f41d78468898fb2e4ebfee.jpg,2268,4032,left,551,1693,1858,2490
20220926_210936_017_jpg.rf.ded4e64ebbf01a6a0f8f99940f9ee6bc.jpg,2268,4032,down,760,1338,1553,2467
20220926_211111_076_jpg.rf.db1633d52d52dbf0100a083e93367302.jpg,2268,4032,right,806,1526,1807,2500
20220926_210928_020_jpg.rf.df8343e9284c087c2aa9f00bb62f4e72.jpg,2268,4032,down,630,1006,1241,2422
20220926_210959_011_jpg.rf.d5af7f99868a46b16fddae81f1fdbf48.jpg,2268,4032,left,914,1450,1869,2216
20220926_211118_008_jpg.rf.e04a12a850ec56ef79a52230c00e4743.jpg,2268,4032,right,793,1441,1612,2032
20220926_211111_040_jpg.rf.e36f75385b607b6d1352fb15b98549be.jpg,2268,4032,right,338,1260,1716,1993
20220926_210748_070_jpg.rf.e04d6e7a815e1a16818213a4cb65c827.jpg,2268,4032,left,788,1509,2041,2178
20220926_211111_045_jpg.rf.dfedd0369ac786174e9a4cf5699c3c84.jpg,2268,4032,right,377,1071,1748,2019
20220926_211118_084_jpg.rf.e2de276daf4a5478f78bd2b0039451d8.jpg,2268,4032,right,721,1532,1443,2350
20220926_210936_065_jpg.rf.e7b53d6808aa943786f8452b314d83ec.jpg,2268,4032,down,552,1052,1599,2539
20220926_210951_031_jpg.rf.e0b49c02e735b607484996fe5fecf3aa.jpg,2268,4032,left,548,1443,1760,2379
20220926_210959_024_jpg.rf.e4c2f2c2e352cdc025d195b9981818dd.jpg,2268,4032,left,950,1326,2268,2361
20220926_210959_049_jpg.rf.e8bb596effda75f6eb578ea65134b4b9.jpg,2268,4032,left,724,1693,1998,2641
20220926_210959_020_jpg.rf.e6d627befd0f9de031dbd1bc8fdd0917.jpg,2268,4032,left,1112,1542,2268,2393
20220926_211111_062_jpg.rf.e13e6c53c2ff294efc931e8b76b8bea0.jpg,2268,4032,right,540,1606,1706,2383
20220926_210902_009_jpg.rf.e4333907d554da1fed6ad9a95baa2220.jpg,2268,4032,up,884,493,1768,1967
20220926_210928_002_jpg.rf.e2b6d3d79e3aab0756dbeacc33348d35.jpg,2268,4032,down,591,1234,1339,2720
20220926_211111_013_jpg.rf.ea69cf13fefded1a072527092a7cfba2.jpg,2268,4032,right,949,1227,1852,1935
20220926_210748_082_jpg.rf.e9616ecd1fdb5a04fbf01277f4b11110.jpg,2268,4032,left,713,1574,2063,2156
20220926_205930_041_jpg.rf.e7937d2f01f903f6488363651dba55f6.jpg,2268,4032,down,468,1350,1358,2928
20220926_210650_026_jpg.rf.ebb33cc4fc39ec03dddee5bff865c2c5.jpg,2268,4032,right,1209,1286,1878,1922
20220926_211111_017_jpg.rf.ec146500234338598cb0dbb77eba8150.jpg,2268,4032,right,1033,1467,1982,2149
20220926_211111_066_jpg.rf.ed4f959c9da04f8d4cbe8fbf23acf27b.jpg,2268,4032,right,670,1294,1685,2275
20220926_210748_035_jpg.rf.ecacc73eecf05466d3a6999647da9712.jpg,2268,4032,left,680,1445,1901,2059
20220926_211111_052_jpg.rf.ebcd09ec579a66f0ec7627f4d450b31a.jpg,2268,4032,right,331,1727,1560,2513
20220926_210902_003_jpg.rf.e8bd64fdce18584d1646f87ec351f809.jpg,2268,4032,up,559,643,1651,1941
20220926_210951_066_jpg.rf.ecf2cdfb2745f2f715b0daace641bb7f.jpg,2268,4032,left,636,1525,1469,2284
20220926_210951_018_jpg.rf.ed72edb0237bb7de714a982434cdbf31.jpg,2268,4032,left,697,1118,1598,2046
20220926_205930_045_jpg.rf.e9635fb83ef0c76d2dda30f7d3d1d6d2.jpg,2268,4032,down,286,1396,1261,2967
20220926_205904_006_jpg.rf.ea6b47f9797ddb35a0161554b78d143b.jpg,2268,4032,up,754,344,1982,1623
20220926_211111_069_jpg.rf.ed8272bc4dc0e6b59b883adfd96d021d.jpg,2268,4032,right,767,1197,1793,2232
20220926_210936_059_jpg.rf.eed6eaa7f411865bff904c68655343cf.jpg,2268,4032,down,767,1097,1716,2617
20220926_210951_055_jpg.rf.f0c6b7c7a3bbd3d48a120fa5eb8f4cb0.jpg,2268,4032,left,772,1606,1665,2196
20220926_210640_052_jpg.rf.ee6f1753edd8fb69f75ac6c651b9259e.jpg,2268,4032,right,364,1571,1644,2675
20220926_210758_002_jpg.rf.eedad2d104eeeaffd7049491533bb401.jpg,2268,4032,left,540,1811,1652,2436
20220926_210936_067_jpg.rf.ed7f02a7ab8d39d4686eaed7ea255233.jpg,2268,4032,down,637,1104,1462,2539
20220926_205930_042_jpg.rf.f0cf675681790bf42d883b8054f620a3.jpg,2268,4032,down,383,1409,1196,2980
20220926_210951_056_jpg.rf.ee313026c457ff9d828f5d28eae4ac9f.jpg,2268,4032,left,569,1491,1713,2311
20220926_211111_033_jpg.rf.f0db667e7cd8aed1699357efad777f07.jpg,2268,4032,right,500,1766,1729,2539
20220926_211111_077_jpg.rf.eef7b7ff28574a1bf6d9caf414e1115c.jpg,2268,4032,right,747,1578,1761,2630
20220926_210951_013_jpg.rf.f210689f1a442080d52cffb78fb6b70e.jpg,2268,4032,left,724,1412,1804,2188
20220926_211111_002_jpg.rf.ef1a5c64374bc36368c414d919fa1d07.jpg,2268,4032,right,858,1312,1813,1961
20220926_210951_045_jpg.rf.f167345ee62cdb991c18f853b7a43a02.jpg,2268,4032,left,684,1613,1760,2440
20220926_210959_076_jpg.rf.f11756b27329d23efc56142104bd2ebc.jpg,2268,4032,left,758,1782,1611,2575
20220926_210758_021_jpg.rf.f33f1c436213a8c05c8540c6a2f0211d.jpg,2268,4032,left,594,1897,1652,2404
20220926_205930_024_jpg.rf.f58c07299f2899f57727b1c3547fc911.jpg,2268,4032,down,708,1130,1690,2402
20220926_210959_048_jpg.rf.f39bed46b67af71d5c55c612fd00ba63.jpg,2268,4032,left,594,1746,2084,2792
20220926_210758_022_jpg.rf.f508070c4c0c54c3260529726e8bf665.jpg,2268,4032,left,548,1823,1753,2528
20220926_210650_005_jpg.rf.f5d529483e4ec0c6336144ee3cd713b5.jpg,2268,4032,right,812,1208,1378,1721
20220926_211118_006_jpg.rf.f6dc32b17e0b4cdc4819742353b481a9.jpg,2268,4032,right,767,1474,1540,2156
20220926_210748_004_jpg.rf.f52c1cee713daa144f2540b9f7251ac6.jpg,2268,4032,left,626,1348,1922,2135
20220926_211111_068_jpg.rf.f686640a8057988f967375aef275b930.jpg,2268,4032,right,724,1326,1652,2156
20220926_211111_054_jpg.rf.f4a9cfefc310d8b4e79cf9f62f343c71.jpg,2268,4032,right,390,1786,1625,2604
20220926_211111_058_jpg.rf.f3712e7c20051ff2d5e6b10da0c586a3.jpg,2268,4032,right,494,1779,1644,2617
20220926_210936_021_jpg.rf.f5eeae73e40cbae5c9828001a2eac7f9.jpg,2268,4032,down,747,1312,1514,2422
20220926_205930_031_jpg.rf.f8cfcbeeb1f36ea91a8b08686e69fec2.jpg,2268,4032,down,377,1428,1339,2831
20220926_210748_066_jpg.rf.fc3d34f2efda030c66bb80b0b6cae5d7.jpg,2268,4032,left,785,1518,2011,2223
20220926_205930_048_jpg.rf.f75e64fccc117f3f3f0f7d467b82c37a.jpg,2268,4032,down,487,1428,1287,2662
20220926_210748_037_jpg.rf.fae7e993c11d9b7ac1e618c2bf03f751.jpg,2268,4032,left,648,1348,1987,2091
20220926_205904_051_jpg.rf.f9c64df87de3a35f7725f31c3e7a85df.jpg,2268,4032,up,227,623,1410,2104
20220926_210959_031_jpg.rf.fe04df6bff2c5d0d439c60cc24e7d3be.jpg,2268,4032,left,789,1488,1828,2195
20220926_210936_047_jpg.rf.ff7747ed7e545041f9ee6a008bf333de.jpg,2268,4032,down,728,1006,1566,2454
20220926_210640_055_jpg.rf.f9234f40664535feb80dd12c2f9e9755.jpg,2268,4032,right,227,1539,1449,2682
20220926_210640_008_jpg.rf.faedc24ca3ec039350239345f458b250.jpg,2268,4032,right,773,1175,1430,1701
20220926_210959_001_jpg.rf.fc8702f1aa238ede6c1cc2b24f60de78.jpg,2268,4032,left,983,852,2030,2005
20220926_205904_052_jpg.rf.fec461e2dcb9a0947cadcef8cd0c2740.jpg,2268,4032,up,429,604,1404,2078
20220926_210640_045_jpg.rf.ff39f055f303aca91068d7c5c88ae664.jpg,2268,4032,right,325,1760,1644,2649
20220926_210936_084_jpg.rf.ffc7637932cf8ebab4566589dd0f98ef.jpg,2268,4032,down,910,1149,1839,2578
20220926_210959_068_jpg.rf.ff43df3d756210e1b054eb69ed2c1b1b.jpg,2268,4032,left,529,1671,1933,2393
20220926_210650_008_jpg.rf.ffaf71d264727974e3a56b94a4b8ab1e.jpg,2268,4032,right,851,1169,1378,1727
20220926_210959_023_jpg.rf.3a7c5439ce96df9c90d0596ed56dd836.jpg,2268,4032,left,1188,1315,2268,2339
20220926_210650_001_jpg.rf.3a21342b4074689acbb474020f4daf70.jpg,2268,4032,right,832,1195,1404,1734
20220926_210928_008_jpg.rf.3a5e27f323c306f1b33c68e90c82bc72.jpg,2268,4032,down,669,1299,1332,2526
20220926_211111_071_jpg.rf.3b7378c185a13ce8cd2c72d173673f45.jpg,2268,4032,right,788,1197,1782,2253
20220926_211111_023_jpg.rf.3d26461f714b78914f50e9e200112ee0.jpg,2268,4032,right,708,1656,1735,2305
20220926_210936_081_jpg.rf.39d2c99b485d810972604add3e3005b5.jpg,2268,4032,down,838,1091,1709,2740
20220926_210936_078_jpg.rf.39fab3d7e9dbf05ce85f72ed023beac4.jpg,2268,4032,down,747,1110,1748,2636
20220926_210650_016_jpg.rf.348d8f1a8af685bcef33f294bb8689dc.jpg,2268,4032,right,955,1065,1592,1721
20220926_210951_009_jpg.rf.35088b81e97e49129b71ffd0ed167a27.jpg,2268,4032,left,751,1274,1841,2270
20220926_210748_053_jpg.rf.359a6c5f7a280f6ed1e3869b118cea82.jpg,2268,4032,left,751,1403,1957,2277
20220926_205930_014_jpg.rf.37052c54fb1aacbb1ba2e18cb1c6f8ca.jpg,2268,4032,down,838,902,1709,2013
20220926_210951_036_jpg.rf.38ce74fee64c5df55073c7788f7b61bc.jpg,2268,4032,left,374,1388,1686,2477
20220926_211111_031_jpg.rf.394fbda8fac1b35d75a1a39cc4ff7146.jpg,2268,4032,right,552,1811,1755,2578
20220926_210928_005_jpg.rf.38b9f7e6f3127ee3ce83e4c1b99c1fb6.jpg,2268,4032,down,637,1286,1332,2519
20220926_211111_044_jpg.rf.390acac8dd85d9af4345c2e134aa8896.jpg,2268,4032,right,487,1123,1696,2019
20220926_210951_015_jpg.rf.373119ea971a461dd83a58491eb7dafb.jpg,2268,4032,left,637,1251,1685,1994
20220926_210936_028_jpg.rf.400b2ef8ef1624060e96a6e5acf1f547.jpg,2268,4032,down,695,1500,1430,2545
20220926_205904_015_jpg.rf.3f260259b6cad5f5f71817d220d901ea.jpg,2268,4032,up,604,240,2002,1682
20220926_210748_014_jpg.rf.400ddb3db3c0f9283754aff2d81d821a.jpg,2268,4032,left,562,1283,1901,2091
20220926_210959_004_jpg.rf.3bade76cfa6ed48b0e0e41fd19973a20.jpg,2268,4032,left,955,1230,1836,1920
20220926_210936_029_jpg.rf.3e5370fb28e15f9d5e6131c58f4b956d.jpg,2268,4032,down,734,1441,1456,2617
20220926_211111_046_jpg.rf.3d730d5a131d5707e39f5494cc1259d6.jpg,2268,4032,right,422,1175,1781,2097
20220926_211111_004_jpg.rf.3df397244357ce1144a684ac491de85b.jpg,2268,4032,right,955,1253,1826,1824
20220926_210902_011_jpg.rf.407ee549d88695f78ec69d53b2159a0f.jpg,2268,4032,up,910,636,1885,2292
20220926_210758_003_jpg.rf.3e08d46adc534faab4ee05723a39499b.jpg,2268,4032,left,551,1757,1685,2469
20220926_210640_063_jpg.rf.415697b06d2c9cf27b79f63775255412.jpg,2268,4032,right,429,1552,2177,2643
20220926_210951_034_jpg.rf.43ab14357c011d830fb2b0967653e0f5.jpg,2268,4032,left,540,1463,1587,2477
20220926_211111_063_jpg.rf.40ecce1dd61415f220b9befd57d48a4b.jpg,2268,4032,right,728,1740,1631,2240
20220926_210936_034_jpg.rf.41e9543e44c8376e99e3165314789a5e.jpg,2268,4032,down,1020,1370,1813,2701
20220926_210748_025_jpg.rf.443d635292f09e9eff44a01970cf94dc.jpg,2268,4032,left,680,1434,1933,2210
20220926_210959_005_jpg.rf.45f8810d0d9ba1c9ad922c962884e493.jpg,2268,4032,left,939,1255,1828,1929
20220926_205930_013_jpg.rf.456643d5487d084c7ed8ed01f889e6bb.jpg,2268,4032,down,858,987,1683,2032
20220926_210640_037_jpg.rf.464c156c0fe7d5cb73678f4ca53072f5.jpg,2268,4032,right,468,1708,1774,2662
20220926_210748_073_jpg.rf.44541c9d2203836a2fe1b283b421f6c4.jpg,2268,4032,left,792,1403,2031,2148
20220926_211111_014_jpg.rf.4575459949c6491e5a46f49a2ee2a667.jpg,2268,4032,right,903,1234,1891,1967
20220926_210951_060_jpg.rf.44424d5c4acd14b6c9b56c10fb981df1.jpg,2268,4032,left,648,1574,1674,2232
20220926_210959_053_jpg.rf.47de386a2b9e935578003747515119bf.jpg,2268,4032,left,810,1617,1998,2350
20220926_210959_077_jpg.rf.465d7f443bbed8555e73db47b428ab91.jpg,2268,4032,left,751,1735,1598,2534
20220926_210758_008_jpg.rf.499121bd855884e8781900623b52855f.jpg,2268,4032,left,508,1790,1674,2426
20220926_210748_029_jpg.rf.4d300f3faa9bd5846813e9ec8c19759a.jpg,2268,4032,left,680,1337,1912,2199
20220926_210640_041_jpg.rf.4abb01d40e3c1d7978dbc0d60e1015b8.jpg,2268,4032,right,227,1811,1657,2740
20220926_211111_038_jpg.rf.489a4586eb9f64bd69ed5d0064fbef53.jpg,2268,4032,right,422,1402,1625,2071
20220926_205904_024_jpg.rf.4673b0378ca5e3436406894c6035a45d.jpg,2268,4032,up,578,221,2132,1747
20220926_211111_036_jpg.rf.49caf3e3df8353b4b522f2f97177d145.jpg,2268,4032,right,383,1506,1657,2279
20220926_205930_047_jpg.rf.4cca8cf4c1060d17f99528284bc2092f.jpg,2268,4032,down,435,1338,1352,2798
20220926_211111_051_jpg.rf.49c4b385cdbfd80f2ab8cf17412e84fc.jpg,2268,4032,right,338,1597,1508,2513
20220926_211111_055_jpg.rf.4b29880fc959fcdfd49de1317fb5735d.jpg,2268,4032,right,390,1675,1612,2636
20220926_210748_067_jpg.rf.43f7aa527583bf580aeb970e3ef886c7.jpg,2268,4032,left,765,1437,2038,2168
20220926_211118_009_jpg.rf.4ad2b00bded9971b4c910ae835150df1.jpg,2268,4032,right,780,1370,1547,1980
20220926_210748_077_jpg.rf.4d969c556f5da519e5ad035e69d79c1f.jpg,2268,4032,left,704,1437,2072,2019
20220926_210959_071_jpg.rf.4dc5c0f1ada7c5f224c6e381b9cf58a7.jpg,2268,4032,left,713,1768,1739,2426
20220926_210959_051_jpg.rf.4dc92018a44f40bf3a3b872923e5de53.jpg,2268,4032,left,842,1768,1922,2598
20220926_205930_052_jpg.rf.50d6ec3039f971f50b02acb3b2694cf2.jpg,2268,4032,down,500,1292,1527,2487
20220926_205930_032_jpg.rf.4fca8fdcc743b9be02ed2155997f2e38.jpg,2268,4032,down,390,1266,1410,2844
20220926_210640_048_jpg.rf.51087c322ccc2a7649f66a49add39092.jpg,2268,4032,right,377,1747,1755,2701
20220926_210758_006_jpg.rf.4eb43709625a12f6268c19411552f788.jpg,2268,4032,left,594,1919,1663,2458
20220926_210650_031_jpg.rf.518bcda161fe286519dca26215484d30.jpg,2268,4032,right,871,1409,1729,2058
20220926_205930_020_jpg.rf.54e17f9423da807a3582420d866bdc25.jpg,2268,4032,down,923,1006,1898,2266
20220926_205930_051_jpg.rf.5236b297aba43922347d0d7be08c3582.jpg,2268,4032,down,416,1318,1449,2454
20220926_210748_074_jpg.rf.531ae7cce3bb34cbd7c03280897caabb.jpg,2268,4032,left,758,1450,2038,2046
20220926_211111_012_jpg.rf.547597ba87b0b542300cf125cb4e2349.jpg,2268,4032,right,923,1169,1800,1870
20220926_211118_085_jpg.rf.567ad005d8d8420dab80825aa4912daf.jpg,2268,4032,right,609,1484,1429,2338
20220926_211111_042_jpg.rf.4f160c07f2546484fa57dcc22bea7bc5.jpg,2268,4032,right,481,1084,1651,1987
20220926_210959_037_jpg.rf.5393b2f677d1de807534a52c8648f8c7.jpg,2268,4032,left,724,1693,2149,2501
20220926_210640_024_jpg.rf.54ae37e7b8336e383c43c1e744caecf2.jpg,2268,4032,right,1105,1247,1989,1870
20220926_205930_029_jpg.rf.4f7d9fc9a6516ed51ea33fe5674d5f43.jpg,2268,4032,down,487,1305,1475,2740
20220926_210959_079_jpg.rf.547af975109c39d697e7187594cd68bd.jpg,2268,4032,left,745,1742,1571,2453
20220926_210928_018_jpg.rf.571c275d3478d14b720d0f12ead9b52b.jpg,2268,4032,down,682,1143,1248,2396
20220926_210748_047_jpg.rf.57b7dfb72fdd037c2cb7884033ef5864.jpg,2268,4032,left,799,1488,1976,2199
20220926_205930_055_jpg.rf.55afa351a3ac7ea064c85a8e3f46ab29.jpg,2268,4032,down,559,1344,1462,2402
20220926_210936_080_jpg.rf.571d47a99f4f70f570d32c38bd0ded64.jpg,2268,4032,down,910,1136,1748,2623
20220926_205904_037_jpg.rf.57fcbbb872e2acf86f7ed84b1c01bb81.jpg,2268,4032,up,539,344,1456,2175
20220926_210928_004_jpg.rf.552670b640f802650b5a2809b5e962d9.jpg,2268,4032,down,643,1338,1345,2591
20220926_210650_011_jpg.rf.4f7b6c3cbd9ecfba7c77500623b6d3e8.jpg,2268,4032,right,903,1182,1417,1695
20220926_210951_053_jpg.rf.511a230551f50cd9875d6ef12c2f447d.jpg,2268,4032,left,731,1511,1726,2189
20220926_210640_005_jpg.rf.533a5c7ca599421c8a376f57a2b21c4f.jpg,2268,4032,right,669,1156,1352,1695
20220926_210951_026_jpg.rf.583e9be73b4050df1db48245344827f3.jpg,2268,4032,left,575,1349,1841,2060
20220926_211118_007_jpg.rf.5924b1d036183586e20f8da0c6a12b6c.jpg,2268,4032,right,760,1545,1638,2084
20220926_210748_054_jpg.rf.5a1acd8afac4cb9828682fffe9396f73.jpg,2268,4032,left,765,1498,1990,2277
20220926_205930_021_jpg.rf.5a62f473e3be4136cef906a35bd98a0d.jpg,2268,4032,down,864,1026,1794,2285
20220926_210748_040_jpg.rf.5a73fd5376faedcf366db927b3b6491d.jpg,2268,4032,left,648,1369,1976,2102
20220926_210640_049_jpg.rf.6135c5ed0d441856ad5496da3019d178.jpg,2268,4032,right,377,1714,1865,2682
20220926_210959_033_jpg.rf.61128ebc78602c77e1baba3f826c0e93.jpg,2268,4032,left,764,1563,1919,2178
20220926_205930_034_jpg.rf.5c6ce9800a620b522ba857fafbfe68d9.jpg,2268,4032,down,383,1182,1410,2961
20220926_210928_015_jpg.rf.5980d9c3124c0b7998a23a903ad16e26.jpg,2268,4032,down,806,1201,1488,2435
20220926_205904_012_jpg.rf.5850397c1797d94dd6d2ab24dc16c755.jpg,2268,4032,up,741,292,1982,1779
20220926_210748_063_jpg.rf.633bf8f38900c6d4bad0711776d9fc68.jpg,2268,4032,left,765,1491,2045,2297
20220926_210758_018_jpg.rf.62b379d6af775dc64513a69599f6f3cb.jpg,2268,4032,left,508,1779,1760,2404
20220926_210640_030_jpg.rf.6056abe664bc81687b17592f9974ca63.jpg,2268,4032,right,838,1441,1943,2253
20220926_210650_014_jpg.rf.605bac7b7c28288834573039409c6fa7.jpg,2268,4032,right,903,1110,1449,1714
20220926_210959_025_jpg.rf.6452bd1e65f7175ce08c8fe0ac41d786.jpg,2268,4032,left,1004,1326,2257,2167
20220926_210640_004_jpg.rf.661d9995b0bb3f49782c1b82f3fba712.jpg,2268,4032,right,643,1169,1319,1617
20220926_210650_006_jpg.rf.5d5b45dcccbcd7eb26ba64b35ac5d35c.jpg,2268,4032,right,741,1201,1391,1727
20220926_210640_034_jpg.rf.666a251193da8428ebe5a8a318e19144.jpg,2268,4032,right,526,1662,1807,2539
20220926_210748_045_jpg.rf.6175f4416a3002b493cc9593c81f1689.jpg,2268,4032,left,734,1445,1998,2188
20220926_210936_019_jpg.rf.629c9396bbfb32ae005eafec3da0e482.jpg,2268,4032,down,812,1350,1586,2435
20220926_210640_040_jpg.rf.61711240eb1f6a9e920d35629ba7732c.jpg,2268,4032,right,247,1792,1638,2707
20220926_211111_001_jpg.rf.6304a0de8cdc5454ce5f30ec0754352a.jpg,2268,4032,right,897,1312,1768,2045
20220926_210902_007_jpg.rf.6430dcf73933c5616deb450e9a999d05.jpg,2268,4032,up,903,597,1807,1721
20220926_210959_066_jpg.rf.637631593e61f5a65970beff0bcf99d0.jpg,2268,4032,left,810,1412,1836,2490
20220926_205904_028_jpg.rf.5d83847593d9258b9f8278c915174894.jpg,2268,4032,up,455,435,1514,2266
20220926_210959_064_jpg.rf.66802a671625f87778f11423cf6859af.jpg,2268,4032,left,756,1542,1868,2447
20220926_210959_027_jpg.rf.66adb9c1b79c4a9dad28716d5c34ec51.jpg,2268,4032,left,810,1294,2171,2232
20220926_210928_017_jpg.rf.6721b71f031d418e6b7e374a6449db4a.jpg,2268,4032,down,702,1214,1384,2415
20220926_210748_057_jpg.rf.67ba04bfbb2c81ef2091296d4cd8923a.jpg,2268,4032,left,691,1457,2024,2297
20220926_210936_027_jpg.rf.670a7474f47c7c8aed7456a75adf2bc5.jpg,2268,4032,down,637,1305,1462,2623
20220926_210951_039_jpg.rf.6f7141d480fafc2273e62ef93b4e8c24.jpg,2268,4032,left,569,1464,1652,2487
20220926_205930_054_jpg.rf.67e01c90e5a6fbdfcd99830c39d6985e.jpg,2268,4032,down,507,1123,1371,2532
20220926_210748_055_jpg.rf.6e04360fc7a9d5eaba80f76c4ec16c72.jpg,2268,4032,left,697,1545,2072,2257
20220926_210936_042_jpg.rf.6c198c52f4b63b73c5d00485436e0467.jpg,2268,4032,down,760,773,1540,2389
20220926_210758_023_jpg.rf.6c9579bf8e171295f60d1a4c32085676.jpg,2268,4032,left,659,1746,1685,2555
20220926_210959_008_jpg.rf.704437f3fac2478aefefa0d75430bc82.jpg,2268,4032,left,839,1471,1778,2078
20220926_211118_004_jpg.rf.7156dfa5c5c4f085bd609436cbb53e82.jpg,2268,4032,right,832,1532,1560,2201
20220926_210748_086_jpg.rf.6ea0fe7299fe5d39410e980c2a58d6b0.jpg,2268,4032,left,864,1531,2041,2253
20220926_210748_081_jpg.rf.6e836cbbecf58467b4e9b6efc7e9fcac.jpg,2268,4032,left,711,1376,2092,2114
20220926_205904_047_jpg.rf.6a65281a0c461c5726746301f9d1346c.jpg,2268,4032,up,832,617,1917,2448
20220926_205904_045_jpg.rf.69d0d70ba00588fd1365b6679f052378.jpg,2268,4032,up,1092,480,2073,2409
20220926_205930_018_jpg.rf.6c2ff0cc2275e8a20e6dc96df0de046f.jpg,2268,4032,down,1196,890,1982,2234
20220926_211111_035_jpg.rf.70adbaf69497c826caddbb3c3f691231.jpg,2268,4032,right,422,1662,1781,2422
20220926_210951_033_jpg.rf.6fa5571c63d71333a282170d11bacce3.jpg,2268,4032,left,557,1480,1628,2436
20220926_210936_048_jpg.rf.7329de1ef3ecb82633ca920f63525c6e.jpg,2268,4032,down,721,941,1514,2487
20220926_210951_054_jpg.rf.7592f5e568df12a1b51b61c8d0786c39.jpg,2268,4032,left,745,1552,1679,2216
20220926_210936_044_jpg.rf.72e288b76af90effeda4907c6ba896a8.jpg,2268,4032,down,689,1039,1475,2234
20220926_210640_022_jpg.rf.699344a9e6cadb7a581c25fa015e5606.jpg,2268,4032,right,1144,1162,2021,1798
20220926_210748_005_jpg.rf.73305fba97a2dc0c66640ba813a79bbb.jpg,2268,4032,left,551,1218,1976,2188
20220926_210936_025_jpg.rf.760b8f78e17d04c9ae5c9d5ad672fb17.jpg,2268,4032,down,611,1357,1456,2532
20220926_210748_017_jpg.rf.769c74fe44cc713e5ff30503a1760f0d.jpg,2268,4032,left,583,1369,1966,2048
20220926_210936_041_jpg.rf.7a78e9d2db9b992ab99b61ce57c58323.jpg,2268,4032,down,793,1097,1534,2337
20220926_210951_019_jpg.rf.766c53dda39ec27160ad257539603241.jpg,2268,4032,left,680,1143,1642,2135
20220926_205930_016_jpg.rf.77eabd0258a846ae6b915b1fc1bb6eee.jpg,2268,4032,down,1183,974,1976,2097
20220926_210959_058_jpg.rf.76503e689014f465e4a9b28bf681620e.jpg,2268,4032,left,810,1520,1998,2264
20220926_210640_039_jpg.rf.78c9a8f21d456a707588c7679b34e5b8.jpg,2268,4032,right,344,1831,1683,2740
20220926_210959_013_jpg.rf.7a10f957cfdef94dbc32e11fd72d0dd7.jpg,2268,4032,left,853,1358,2041,2350

20220926_210748_034_jpg.rf.7e9c35fd163610b4fe923a5e05cff97e.jpg,2268,4032,left,562,1477,1966,2145
20220926_211111_003_jpg.rf.7a9076c1c920a66dfc52d4e828c50bb5.jpg,2268,4032,right,981,1331,1852,1896
20220926_210902_005_jpg.rf.7d49b89086150fa6e18cc7ba6e44f3f3.jpg,2268,4032,up,864,584,1800,1876
20220926_211111_008_jpg.rf.7c8f3945c003da09da94780b125e5226.jpg,2268,4032,right,754,1104,1820,1773
20220926_210748_030_jpg.rf.7a632bdf8620bc328fc3120eeaad9815.jpg,2268,4032,left,713,1499,2020,2199
20220926_210640_025_jpg.rf.7f0fc9ae65f5bc43b55a3f2743633687.jpg,2268,4032,right,929,1234,1943,1915
20220926_210951_058_jpg.rf.7e623c5876662cd174d497db68acab9c.jpg,2268,4032,left,691,1391,1674,2404
20220926_210936_036_jpg.rf.81d4110bdddd16d4d60deb8f70e0e9c3.jpg,2268,4032,down,942,1247,1761,2682
20220926_211111_060_jpg.rf.823b13455e685fa4a15168c9c65a13c2.jpg,2268,4032,right,676,1844,1605,2474
20220926_210959_082_jpg.rf.7eb468d5372e2bca4b5c7fb778588b75.jpg,2268,4032,left,764,1762,1421,2444
20220926_210640_038_jpg.rf.833d98eec87f032ae18476761fb0e57b.jpg,2268,4032,right,422,1740,1826,2720
20220926_211111_049_jpg.rf.83234c09cc6aac0602dea0b51d259ae1.jpg,2268,4032,right,273,1493,1735,2298
20220926_210959_002_jpg.rf.7f6fcc804af8adc92ee1622253191186.jpg,2268,4032,left,1002,976,1970,1938
20220926_210727_049_jpg.rf.77e346c7c0438c91833ad1bc21958b4b.jpg,2268,4032,right,403,1182,1664,1967
20220926_210951_020_jpg.rf.84078c7b4a62c20da87479f3dd286515.jpg,2268,4032,left,657,1281,1618,1938
20220926_205904_050_jpg.rf.7fc8471407ff99803aff63166d48d440.jpg,2268,4032,up,416,656,1553,2149
20220926_210936_046_jpg.rf.848f42be66049eda2f78631cbcb3468e.jpg,2268,4032,down,637,1006,1605,2363
20220926_210951_059_jpg.rf.8540e5ae2e02c380a1decef1ae5ff1b5.jpg,2268,4032,left,731,1457,1645,2284
20220926_210758_011_jpg.rf.8573c0b74ae50041a337579c5c32f8bb.jpg,2268,4032,left,583,1746,1598,2512
20220926_210902_002_jpg.rf.84fef5862e8051e90e2fd97a9b5c9e1b.jpg,2268,4032,up,552,610,1560,1902
20220926_210959_042_jpg.rf.86956d1f061d32ad0886de623b767181.jpg,2268,4032,left,810,1736,1825,2598
20220926_210959_055_jpg.rf.85ceb6b7bbcc4d7fa642f7f2b39f92cb.jpg,2268,4032,left,767,1639,2149,2145
20220926_210936_064_jpg.rf.85bb29ebc8a4decd08baa4574ac6c5fb.jpg,2268,4032,down,708,1045,1657,2506
20220926_210902_010_jpg.rf.86a3f4b594ad914695d85a9d0bed7917.jpg,2268,4032,up,715,539,1774,2071
20220926_210959_041_jpg.rf.88e48377cd76c8664156487930bdfa7d.jpg,2268,4032,left,616,1714,2063,2641
20220926_210951_017_jpg.rf.8872d865d5db86b2676151df0bd5e2ce.jpg,2268,4032,left,680,1197,1696,2005
20220926_210951_030_jpg.rf.88f7cbd4013180795171871fea7756b7.jpg,2268,4032,left,562,1518,1781,2338
20220926_210640_064_jpg.rf.89596accd35a28048bc9ee09121c93d4.jpg,2268,4032,right,331,1584,2119,2578
20220926_210748_033_jpg.rf.797b08bc4e0f1a353e4ff4e853798ae9.jpg,2268,4032,left,542,1288,1997,2040
20220926_210748_031_jpg.rf.8a129a2b0be00027fbd73080d9abe255.jpg,2268,4032,left,637,1401,1868,2102
20220926_205904_039_jpg.rf.8c2cbb15765c07d0288e630166cea416.jpg,2268,4032,up,591,117,1625,2065
20220926_211111_075_jpg.rf.8bf224744d96fdb2d67d40573cb2e0e3.jpg,2268,4032,right,838,1539,1807,2350
20220926_210748_007_jpg.rf.89d2b23d1777304bc779fea73a614a3d.jpg,2268,4032,left,540,1348,1836,2081
20220926_210959_044_jpg.rf.8ae1823fa047e8626a26b19995716c5e.jpg,2268,4032,left,778,1746,1836,2684
20220926_210650_022_jpg.rf.916b7a654fee966c7fbc7ac5a1217baa.jpg,2268,4032,right,1027,1175,1820,1850
20220926_210959_021_jpg.rf.8f8ec7619ef237b406abb32d3a4acd2b.jpg,2268,4032,left,1058,1445,2268,2458
20220926_210640_017_jpg.rf.8d8fac144783e8c2659559bad32118dd.jpg,2268,4032,right,1124,909,2080,1487
20220926_210959_069_jpg.rf.8e9ea8dac8ca8d84db14dad377a1c9d0.jpg,2268,4032,left,605,1693,1760,2361
20220926_210959_009_jpg.rf.9130cd0ad4235056978502f5fb92ac04.jpg,2268,4032,left,889,1438,1745,2120
20220926_210748_050_jpg.rf.9261b4f3025ffc9d4e0d5465d6369c67.jpg,2268,4032,left,756,1499,2063,2318
20220926_210758_005_jpg.rf.935463619436d42a4b1c1dbe80f20333.jpg,2268,4032,left,551,1779,1674,2490
20220926_205904_044_jpg.rf.93ccff4e8f0496537e218c33c512ae45.jpg,2268,4032,up,864,403,1976,2246
20220926_210640_026_jpg.rf.94400945d37d3bec8221635bb8b26104.jpg,2268,4032,right,1066,1208,1917,2065
20220926_210936_049_jpg.rf.9411d7cd2d46ba00d04a157cf5a89c63.jpg,2268,4032,down,812,1143,1482,2389
20220926_210640_042_jpg.rf.9563b81a0c65bf456c14f994d48106fb.jpg,2268,4032,right,201,1844,1599,2746
20220926_210936_076_jpg.rf.95b20d65afe52a3b50203fd6e267ba56.jpg,2268,4032,down,877,1149,1709,2610
20220926_211111_043_jpg.rf.987ced4e8b0c774e07aa14838d4e93ee.jpg,2268,4032,right,481,1071,1625,2026
20220926_210936_040_jpg.rf.95c4cc4c190da7fa864a911b090433dc.jpg,2268,4032,down,819,1169,1592,2461
20220926_210748_013_jpg.rf.9b558b6678da98024e954bf98b40dce1.jpg,2268,4032,left,626,1348,1890,2038
20220926_205930_036_jpg.rf.9d11f1e6ae93b523c6c79bbb32ed852f.jpg,2268,4032,down,442,1104,1501,2831
20220926_210650_020_jpg.rf.9a2a1df8dcd8d1e847c6c52632a2dc00.jpg,2268,4032,right,1053,1091,1755,1779
20220926_205904_027_jpg.rf.9c36db928951377345d87b9575ba07d8.jpg,2268,4032,up,481,370,1566,2259
20220926_210959_072_jpg.rf.9981d0c1f882c13e821128b305b55cb9.jpg,2268,4032,left,680,1736,1771,2415
20220926_210640_044_jpg.rf.971d8fc9d654b8dd97198a9a89de6814.jpg,2268,4032,right,240,1734,1722,2630
20220926_210959_067_jpg.rf.9f4968e7712c1fa928b7ce3faa34988e.jpg,2268,4032,left,788,1542,1879,2641
20220926_211111_018_jpg.rf.9aad44080c758d02d5be3e1a4fad9754.jpg,2268,4032,right,884,1571,1891,2149
20220926_210748_083_jpg.rf.a13ababe4760f1c87d72bac4aef1fc08.jpg,2268,4032,left,806,1410,2038,2202
20220926_205904_008_jpg.rf.9bca1829264982d1b6b093565eef3710.jpg,2268,4032,up,780,292,1930,1714
20220926_211111_065_jpg.rf.9d97ca3642766c91f90403d9f6e12298.jpg,2268,4032,right,702,1315,1609,2210
20220926_210936_038_jpg.rf.9ef8e994aaec165a53f664f5b63a8790.jpg,2268,4032,down,936,1240,1716,2454
20220926_210951_029_jpg.rf.9e6764b4aff170b3a29361202b649aa7.jpg,2268,4032,left,501,1504,1835,2338
20220926_210936_045_jpg.rf.a1d1910005a61dab6d80e02259f4dfc9.jpg,2268,4032,down,676,922,1644,2448
20220926_205904_019_jpg.rf.9ec62ea4766564aa2d323821c31db8a8.jpg,2268,4032,up,468,169,2073,1623
20220926_210748_052_jpg.rf.a05956467cac9b168c4e9acb35ddee33.jpg,2268,4032,left,788,1455,1998,2232
20220926_210936_054_jpg.rf.a24443c15d91cf075a90d69840c63c52.jpg,2268,4032,down,643,1032,1644,2558
20220926_211111_024_jpg.rf.9d41574ecfa514cc71290f5266a62bab.jpg,2268,4032,right,708,1630,1729,2461
20220926_211111_072_jpg.rf.a0f05ffc0becafccce60ff87d05fdbab.jpg,2268,4032,right,936,1376,1703,2272
20220926_210959_007_jpg.rf.a14a4b41d2b82c73d311428d28adc3fa.jpg,2268,4032,left,872,1372,1770,1987
20220926_210640_020_jpg.rf.a2ccd928e505d2e3af070e761721efcf.jpg,2268,4032,right,1215,896,2132,1558
20220926_205904_031_jpg.rf.a400d929403e693521ca6a3d8883ebe1.jpg,2268,4032,up,390,662,1514,2311
20220926_211111_032_jpg.rf.a23ca7e9502c616552ee3ae6058b3386.jpg,2268,4032,right,500,1734,1696,2617
20220926_210640_011_jpg.rf.9a2d036e9448c50a48285555c08bd83d.jpg,2268,4032,right,617,1175,1573,1675
20220926_205904_042_jpg.rf.a5c99ae82b1de01d5b6380eb89dc8e27.jpg,2268,4032,up,598,266,1794,2156
20220926_210748_087_jpg.rf.a8199f8c78356b89e123a083d7e345fa.jpg,2268,4032,left,929,1499,2063,2188
20220926_210936_072_jpg.rf.a8bbd6cc328d94ea21a5e2cc89203db8.jpg,2268,4032,down,624,935,1495,2662
20220926_210936_050_jpg.rf.ab580ed8ee428a4465e3edb338d9b388.jpg,2268,4032,down,767,1117,1599,2480
20220926_210902_006_jpg.rf.abf51c2755a3481bc1e5d306cbb9c239.jpg,2268,4032,up,871,558,1774,1844
20220926_210951_065_jpg.rf.abfd264e1bd4a2441a72b4473f0e5165.jpg,2268,4032,left,609,1586,1503,2270
20220926_210640_029_jpg.rf.af6ceef02160e5780daf240c64844499.jpg,2268,4032,right,819,1383,2034,2305
20220926_205904_013_jpg.rf.abfb1b560a45ec8a5e2bd12c14ea487e.jpg,2268,4032,up,715,292,1976,1701
20220926_210951_051_jpg.rf.adff45cd27bbfa49ad56f8b0c07cf472.jpg,2268,4032,left,788,1585,1717,2221
20220926_211111_067_jpg.rf.afc08b8b597891b6ceccba5a4da982bc.jpg,2268,4032,right,680,1326,1674,2242
20220926_210936_030_jpg.rf.b344b0d936d1514465e29e9acb5ba357.jpg,2268,4032,down,819,1299,1664,2740
20220926_210748_024_jpg.rf.ac47120bc1508ecf336c47c30586cff3.jpg,2268,4032,left,637,1412,1912,2167
20220926_210748_069_jpg.rf.b1cb9389998d8b37c4bee395cdf9a456.jpg,2268,4032,left,864,1555,1961,2112
20220926_211111_056_jpg.rf.b1632ba0fa2ec60c791a272e665a1ee1.jpg,2268,4032,right,442,1662,1573,2701
20220926_210959_019_jpg.rf.af7585a301f6933ff2edd4ced3d21982.jpg,2268,4032,left,1102,1391,2171,2415
20220926_210640_002_jpg.rf.aaddc9a351f2b0d5b23ab97c9d1dc0f9.jpg,2268,4032,right,572,1169,1326,1669
20220926_205930_044_jpg.rf.b10e3eb5ab66f7a18edeb5edd30aa94b.jpg,2268,4032,down,286,1487,1300,2935
20220926_205930_023_jpg.rf.b3cc7d5576bc490c938fbc5ea1ee8d0c.jpg,2268,4032,down,676,1078,1774,2415
20220926_210748_042_jpg.rf.b6cd570056da653b7721ffdfa6fb4201.jpg,2268,4032,left,582,1362,1943,2026
20220926_210959_063_jpg.rf.b27c6ba3299ebb05fcd3b85f78bb3c78.jpg,2268,4032,left,799,1574,1966,2242
20220926_210650_023_jpg.rf.b6caeae707ec2257d4d4dd99bb804e97.jpg,2268,4032,right,1059,1182,1813,1798
20220926_210959_043_jpg.rf.b50cbab5e1cf1298fef8e02648315bf8.jpg,2268,4032,left,691,1714,1922,2717
20220926_210951_027_jpg.rf.a7a511f759dbe31c1396d233891708cf.jpg,2268,4032,left,474,1416,1875,2236
20220926_211111_048_jpg.rf.b7d3744fcb3b31de0a56b881b34a16a0.jpg,2268,4032,right,409,1402,1761,2214
20220926_205930_010_jpg.rf.b7e93e586fefd7756ab7689b0c2030ef.jpg,2268,4032,down,832,1000,1566,1941
20220926_211111_010_jpg.rf.b917b63d6bd8bccc1ad43fc3e45e14f4.jpg,2268,4032,right,910,1130,1891,1870
20220926_205904_048_jpg.rf.b7ea191062f2aab7164a4e4d471d1938.jpg,2268,4032,up,806,591,1787,2298
20220926_211111_078_jpg.rf.b9da43e07ae06498653dbc665c31a063.jpg,2268,4032,right,773,1708,1800,2513
20220926_210748_061_jpg.rf.b82f24a0d3a3a3691e2c7475bd6eabfd.jpg,2268,4032,left,772,1518,1997,2304
20220926_210959_022_jpg.rf.ba3a16628382366926be7fca2e5dd819.jpg,2268,4032,left,1188,1369,2268,2361
20220926_210758_012_jpg.rf.ba9adc87ec3c4978ddda3b54b113235d.jpg,2268,4032,left,616,1779,1652,2383
20220926_211118_001_jpg.rf.ba236f52032acdc62784188899dc06a0.jpg,2268,4032,right,903,1532,1592,2234
20220926_210959_012_jpg.rf.bb354e7efb08ad0c0ccb15a7995a6af8.jpg,2268,4032,left,921,1470,1855,2229
20220926_210951_040_jpg.rf.bb97ceabdf04a11ed790bd79d93e21cf.jpg,2268,4032,left,589,1525,1659,2446
20220926_210951_050_jpg.rf.bc37d62ca236f3eed373578dc62d25f6.jpg,2268,4032,left,778,1477,1717,2232
20220926_210928_011_jpg.rf.ba0e976f7014a1e7e48845f66ca70d11.jpg,2268,4032,down,793,1201,1417,2467
20220926_205930_039_jpg.rf.bc723f54fb69133b308cdfe47784cfe1.jpg,2268,4032,down,448,1195,1423,2941
20220926_210951_023_jpg.rf.ba88f9b2ef09ceee72581e2afdd24c76.jpg,2268,4032,left,626,1218,1760,2016
20220926_205904_005_jpg.rf.b9b5a0b304acdf972cddd080b1595fbf.jpg,2268,4032,up,604,370,1950,1656
20220926_210640_043_jpg.rf.be1678c188c6ce9ec4822456fbe050b5.jpg,2268,4032,right,208,1798,1729,2688
20220926_210936_057_jpg.rf.bc64a48f7bdd44580856aebbb63b9861.jpg,2268,4032,down,936,1182,1729,2526
20220926_210936_071_jpg.rf.bc836bd33d4795b779995434ce79a459.jpg,2268,4032,down,637,1104,1527,2480
20220926_210650_030_jpg.rf.bc764cded433005707b52d3927842b61.jpg,2268,4032,right,1014,1409,1781,2019
20220926_210758_024_jpg.rf.bf0a84849f284c9bb5a9245c6a4552d3.jpg,2268,4032,left,572,1833,1717,2566
20220926_210650_003_jpg.rf.004ba31d7242c3b0b6c70c9b6559829a.jpg,2268,4032,right,741,1201,1384,1734
20220926_210640_010_jpg.rf.009914b5f8f10c68c507143629f8adc0.jpg,2268,4032,right,695,1156,1469,1662
20220926_210959_062_jpg.rf.02bd28040d1e40e27a30fdfe4d3592e1.jpg,2268,4032,left,821,1542,1890,2253
20220926_210959_026_jpg.rf.01bf6a82c4df3fb642c6b5169a5ba6f0.jpg,2268,4032,left,1080,1240,2182,2135
20220926_210928_012_jpg.rf.05017e9ab18c9f4ffdca002172485c4a.jpg,2268,4032,down,721,1247,1508,2526
20220926_210951_048_jpg.rf.05c4f4f0267bcdd52d5630f7c56b287f.jpg,2268,4032,left,702,1499,1782,2426
20220926_210928_014_jpg.rf.05df61a48b641ecfd2e3e147f4f7a6ec.jpg,2268,4032,down,754,1234,1501,2513
20220926_205930_046_jpg.rf.0397093a7faff9caac21abb179c2dc49.jpg,2268,4032,down,338,1389,1306,2785
20220926_210936_056_jpg.rf.039a5d3853c2320ae95491051b825519.jpg,2268,4032,down,819,1162,1716,2539
20220926_210936_077_jpg.rf.06fef7822b5f72f40b3c763102df350a.jpg,2268,4032,down,695,1182,1644,2604
20220926_210936_058_jpg.rf.060d11b2eb9ee9f31c8a9d618f6e0259.jpg,2268,4032,down,858,1247,1735,2558
20220926_210959_029_jpg.rf.09077246d8b5a5d41626be8fa6562fc3.jpg,2268,4032,left,724,1337,2128,2275
20220926_210748_088_jpg.rf.07456f6fcfc0eb159fca36f717f80b4f.jpg,2268,4032,left,897,1663,1986,2220
20220926_210640_062_jpg.rf.09207c77f941f862717dd77958a0dd4f.jpg,2268,4032,right,383,1682,2197,2714
20220926_210748_038_jpg.rf.08b31ce991346f649ad77ad909fb221c.jpg,2268,4032,left,528,1281,1855,1958
20220926_210727_046_jpg.rf.0a499d47d2355c42f4b7ac66117970b8.jpg,2268,4032,right,435,1227,1625,1974
20220926_210640_021_jpg.rf.0a8268d95b45bfc8fa58e2fc3d1828fe.jpg,2268,4032,right,1280,1032,2099,1656
20220926_210758_014_jpg.rf.0351c99c9b8dff7968e4587d1bfd6221.jpg,2268,4032,left,582,1789,1645,2324
20220926_210951_008_jpg.rf.0b541f64f8f9490680a2fd672c549a41.jpg,2268,4032,left,718,1301,1869,2223
20220926_210748_080_jpg.rf.0bd324055ab2dcb94673a6cfb04f1959.jpg,2268,4032,left,734,1466,2041,2145
20220926_210640_009_jpg.rf.0b195191086e808207c016ca0fc091f5.jpg,2268,4032,right,676,1136,1495,1675
20220926_211111_028_jpg.rf.0c2984e5441c7520c2c2af1805a6c5ea.jpg,2268,4032,right,500,1727,1781,2630
20220926_205930_009_jpg.rf.0be7f2725b4f520d16d481bb9b573e1f.jpg,2268,4032,down,858,967,1605,2006
20220926_210936_069_jpg.rf.0c163fcad7d12999fd296226500c4302.jpg,2268,4032,down,377,1110,1443,2461
20220926_210951_022_jpg.rf.0d327146d0aaff72ca6f57e08c37af0d.jpg,2268,4032,left,650,1172,1720,1965
20220926_210936_074_jpg.rf.0f7d684f57b2d3338f04708bdde4cbd5.jpg,2268,4032,down,812,1169,1579,2740
20220926_210951_064_jpg.rf.0dbde6902964b3058e1b15586063b704.jpg,2268,4032,left,596,1606,1537,2338
20220926_210748_019_jpg.rf.0eb2e9ae9cc4a69b35c75fcdaf872a8e.jpg,2268,4032,left,659,1477,1890,2124
20220926_205904_046_jpg.rf.10508e8de1d74bc843858ac1fc5fdb43.jpg,2268,4032,up,715,584,1995,2298
20220926_205930_028_jpg.rf.0d4014ec20635e0cecdc51c9f8013297.jpg,2268,4032,down,442,1221,1553,2850
20220926_210640_019_jpg.rf.0d1c4267c7cc76afd300d51ef4b83e90.jpg,2268,4032,right,1131,954,2099,1558
20220926_210928_010_jpg.rf.12149668ef3026f217ba3f075e887e90.jpg,2268,4032,down,702,1331,1391,2487
20220926_205930_015_jpg.rf.12be996d03168690b5a9d8694910e3a7.jpg,2268,4032,down,916,941,1924,2058
20220926_210902_012_jpg.rf.0f99b0e3610bfc63ce9e88acb8adb713.jpg,2268,4032,up,910,584,1852,2143
20220926_210758_025_jpg.rf.0eba419b5d0a53e8e5d43b1c4556f3fc.jpg,2268,4032,left,605,1768,1717,2501
20220926_210758_015_jpg.rf.0f757e34ee39abdef021ab1150ab4ecf.jpg,2268,4032,left,515,1701,1659,2331
20220926_210748_001_jpg.rf.12792ed598725ee47d91d4fa4379c07d.jpg,2268,4032,left,670,1434,1966,2145
20220926_210640_054_jpg.rf.0dcdad7672ff69df96a31664dbb0a4e7.jpg,2268,4032,right,266,1610,1469,2753
20220926_210748_065_jpg.rf.1300757b90653243540c5bac25c6c6a2.jpg,2268,4032,left,785,1525,2024,2257
20220926_205930_019_jpg.rf.0d033a7a1aa720fd0923331f18ca09af.jpg,2268,4032,down,1040,915,1924,2221
20220926_205904_032_jpg.rf.10ed2064ac0b44f332009dcde57a6717.jpg,2268,4032,up,409,493,1547,2487
20220926_210936_083_jpg.rf.144f2b750a7ceb4de91658725bec9b2f.jpg,2268,4032,down,754,1091,1839,2500
20220926_210936_079_jpg.rf.1307253c83341fe1cb57748578b1dde5.jpg,2268,4032,down,955,1143,1735,2571
20220926_205904_025_jpg.rf.139cf8408b1f8ec4e5f51fd6d043db1a.jpg,2268,4032,up,364,201,1729,1844
20220926_210727_047_jpg.rf.14d3cb037fe7b44b32a2ec7826dc8efc.jpg,2268,4032,right,403,1266,1722,1922
20220926_210748_079_jpg.rf.151cef6e30dceb5390c658df72f2662b.jpg,2268,4032,left,846,1369,1990,2189
20220926_210936_073_jpg.rf.150539a58a5b89a01060921779c5a893.jpg,2268,4032,down,760,1104,1527,2636
20220926_210640_015_jpg.rf.158849c93d39f60b63f157c9885987b7.jpg,2268,4032,right,942,1084,1813,1701
20220926_210936_061_jpg.rf.15fd6cf71d4540fd8a51fe959a5e853f.jpg,2268,4032,down,747,1078,1638,2974
20220926_210951_038_jpg.rf.18b804811724afd7961f5a81f31dcc5c.jpg,2268,4032,left,449,1538,1662,2735
20220926_211111_007_jpg.rf.189a2b2e644ac8e6a6ad0062dc0a6a3b.jpg,2268,4032,right,910,1123,1800,1831
20220926_210959_006_jpg.rf.18df3f038214c900aa993a4acb6a2029.jpg,2268,4032,left,881,1322,1811,1937
20220926_205930_038_jpg.rf.1b12d2a6097b2a0e6518f8896ffc494a.jpg,2268,4032,down,526,1156,1495,2928
20220926_210951_010_jpg.rf.18a28763eb7f870678d0db120e25c19d.jpg,2268,4032,left,778,1272,1739,2329
20220926_210748_078_jpg.rf.19cb38751c189ee05e67b05f1dd6f8c4.jpg,2268,4032,left,734,1455,2030,2188
20220926_210748_020_jpg.rf.1bc29c6dfc9faeb16c0a616676b38b4a.jpg,2268,4032,left,637,1401,1825,2188
20220926_210748_015_jpg.rf.1c7b24c8617383c05aee889e3d937746.jpg,2268,4032,left,572,1326,1933,2059
20220926_210748_049_jpg.rf.1c58e628ed76fdf71b1ef8c436713ddb.jpg,2268,4032,left,738,1389,1943,2196
20220926_211111_019_jpg.rf.1a6b210244879c64ed401683ec2adcba.jpg,2268,4032,right,910,1539,1846,2214
20220926_210650_015_jpg.rf.1e58189dd0cc43045ba9be0c46eca73a.jpg,2268,4032,right,929,1136,1553,1682
20220926_210959_018_jpg.rf.1aaebe5aa5ccbb196f3d802e329727fb.jpg,2268,4032,left,1091,1466,2171,2436
20220926_210959_046_jpg.rf.196d77d27188a7fab777f7c2186d364b.jpg,2268,4032,left,616,1757,1879,2771
20220926_210936_031_jpg.rf.2234e474da46f4fb884cd7c6536d2541.jpg,2268,4032,down,929,1389,1625,2662
20220926_205904_041_jpg.rf.1d142966986dc6b2fc15d8a190731a9f.jpg,2268,4032,up,760,0,1677,2091
20220926_210748_016_jpg.rf.1fd3be25e71fdad51aa2bd94a78ea6e8.jpg,2268,4032,left,616,1337,1944,2210
20220926_211111_041_jpg.rf.2117ca00f9c1c540f04f07385fb32ff7.jpg,2268,4032,right,331,1091,1664,2019
20220926_210748_036_jpg.rf.1e56c4d4c6d8080816f642a0aacc9bcc.jpg,2268,4032,left,637,1348,1912,2081
20220926_210758_001_jpg.rf.19cad99d924de99406d94e094117ac32.jpg,2268,4032,left,606,1837,1686,2428
20220926_210936_063_jpg.rf.208a0450e504274c938eac351c44686e.jpg,2268,4032,down,780,1182,1625,2578
20220926_210936_075_jpg.rf.236089baa9c3845819aa2775a51d5b0b.jpg,2268,4032,down,812,1195,1625,2617
20220926_205930_040_jpg.rf.1d83b3d8e711d52ca9acdf90f6a09b1e.jpg,2268,4032,down,500,1266,1352,2915
20220926_205930_050_jpg.rf.2333c9d2901a3eb476f28a04aa1d0f9e.jpg,2268,4032,down,526,1344,1319,2526
20220926_210936_060_jpg.rf.22e9d2f2fa698a4c85c6fbf2c735f6d7.jpg,2268,4032,down,871,1214,1690,2591
20220926_211111_039_jpg.rf.234352477c70e7ab7101a98823b6ed71.jpg,2268,4032,right,370,1234,1586,1993
20220926_205904_007_jpg.rf.21b3bce7c347172e0e110e1b4e9e8270.jpg,2268,4032,up,760,305,2021,1643
20220926_210959_034_jpg.rf.23cbebf9865284f7fd5c6777fb05b7d3.jpg,2268,4032,left,814,1571,1853,2211
20220926_210951_014_jpg.rf.25a9ce8edc3dcbeae833707fa03bcd8f.jpg,2268,4032,left,738,1335,1821,2114
20220926_210748_028_jpg.rf.259af3368eef6d49a37f408b919bd62c.jpg,2268,4032,left,680,1423,1998,2242
20220926_210640_059_jpg.rf.25fd5b4dfc77b6f79839d76081c7dfc9.jpg,2268,4032,right,305,1649,2125,2772
20220926_205904_036_jpg.rf.23e7b67847e8949313019c3cfd71e340.jpg,2268,4032,up,513,351,1482,2246
20220926_210748_026_jpg.rf.259a6265770d19c13d481e1f1caf1bd4.jpg,2268,4032,left,659,1445,1868,2059
20220926_210959_038_jpg.rf.25e4a0392977d8feeb95b305638d4f7c.jpg,2268,4032,left,724,1693,1933,2544
20220926_211111_061_jpg.rf.27aaa93879ee82f3d873c2ea46be72d6.jpg,2268,4032,right,689,1837,1781,2480
20220926_211111_005_jpg.rf.2786955cd1506ee49b9846128001c00e.jpg,2268,4032,right,936,1253,1859,1857
20220926_210748_068_jpg.rf.27ee30d44b299049e38a29f45cd44ed7.jpg,2268,4032,left,799,1504,2004,2182
20220926_211111_037_jpg.rf.28d9e6b782b30044d75367824c7f1561.jpg,2268,4032,right,377,1389,1664,2208
20220926_205930_030_jpg.rf.26b62c8f0cfa74887298a7a6a1f0c175.jpg,2268,4032,down,312,1279,1358,2779
20220926_211111_053_jpg.rf.285142d5fc248d974d9bc32b4acf31cf.jpg,2268,4032,right,357,1766,1664,2545
20220926_210650_012_jpg.rf.29be2032361878641ebf2df5835b72fd.jpg,2268,4032,right,858,1162,1436,1675
20220926_205904_026_jpg.rf.291bbfdf10eef82237992ee981202402.jpg,2268,4032,up,448,234,2080,1948
20220926_205904_043_jpg.rf.28e8f6e82aa250a4984842a71faa599d.jpg,2268,4032,up,806,429,1885,2298
20220926_205904_020_jpg.rf.28ad092336182602a9d90af0c35e712f.jpg,2268,4032,up,435,97,2106,1701
20220926_210951_052_jpg.rf.276e051890a5bfa3862837e5d6320af8.jpg,2268,4032,left,765,1504,1659,2189
20220926_210748_060_jpg.rf.2932b63fc0cc0a532edb70d23d35e03e.jpg,2268,4032,left,731,1403,2018,2284
20220926_211111_022_jpg.rf.2acee0f1f72483f75131acdb7cefa3a4.jpg,2268,4032,right,741,1584,1768,2344
20220926_210936_052_jpg.rf.298618d2ff357870d5a09f7b76a01af5.jpg,2268,4032,down,858,1169,1566,2467
20220926_210959_014_jpg.rf.2ad941a50367ec2a0aa10a338b7c897a.jpg,2268,4032,left,907,1434,2063,2426
20220926_210640_047_jpg.rf.27487325f6a983f2aea07d77edd5b73b.jpg,2268,4032,right,370,1714,1521,2630
20220926_210928_016_jpg.rf.2b22e7f4d10f704d4c7481181633c458.jpg,2268,4032,down,747,1026,1365,2474
20220926_210951_049_jpg.rf.2be36f88eb8287364501c24907e8e557.jpg,2268,4032,left,648,1531,1760,2242
20220926_210640_032_jpg.rf.2bcc8964771c1830a5a45240f2cd45ec.jpg,2268,4032,right,708,1610,1937,2467
20220926_210640_046_jpg.rf.2d265c2c2d8f34b3d24c7790c772478f.jpg,2268,4032,right,377,1740,1703,2688
20220926_211111_047_jpg.rf.2d5773c3a0fd12b819e777572f8b04d2.jpg,2268,4032,right,487,1221,1872,2091
20220926_210936_020_jpg.rf.2b6265f7ee8002c14d6c32fe1f08a3d0.jpg,2268,4032,down,760,1162,1488,2415
20220926_211111_027_jpg.rf.2e22bc72a2fbe21544747de8cd9280fb.jpg,2268,4032,right,643,1714,1761,2571
20220926_211118_086_jpg.rf.2dbbe95c1f09a0e30938fd575084b2b2.jpg,2268,4032,right,624,1389,1462,2428
20220926_210748_039_jpg.rf.2bf4476b31172ce92cc61f587dbf0076.jpg,2268,4032,left,637,1348,1976,2091
20220926_210748_048_jpg.rf.2db4ddf1d7a2c8564a7910f0cc74a362.jpg,2268,4032,left,832,1445,2128,2232
20220926_210650_021_jpg.rf.2f0ce2528b5ca40ffc1fbaca018a75bf.jpg,2268,4032,right,1111,1130,1781,1779
20220926_205904_029_jpg.rf.2db60fb5c7e4a31d0f8c9c12b943d885.jpg,2268,4032,up,390,591,1553,2331
20220926_210959_032_jpg.rf.2f6eb308a48be0c84a2641860aecdb85.jpg,2268,4032,left,806,1488,1878,2112
20220926_210650_018_jpg.rf.2e14f367bedef2cb99b959a4df3047dd.jpg,2268,4032,right,1014,1143,1696,1669
20220926_210748_003_jpg.rf.2e98c95798fc6109cf26f68786aa40c2.jpg,2268,4032,left,616,1315,1781,2006
20220926_210936_026_jpg.rf.3092267faec4354d7007ccba91b29c69.jpg,2268,4032,down,585,1162,1378,2558
20220926_211118_005_jpg.rf.31dba3a32222f461f78fa57f636ea978.jpg,2268,4032,right,819,1474,1527,2175
20220926_210748_071_jpg.rf.3210e187441ba38b723741c282b725c2.jpg,2268,4032,left,724,1437,2072,2175
20220926_210951_024_jpg.rf.325886db6875cc30e94342df60534f9d.jpg,2268,4032,left,663,1091,1693,2026
20220926_210748_032_jpg.rf.331ae98aa8cfcf316d2e6a6bbf2ba5e0.jpg,2268,4032,left,702,1304,1847,2188
20220926_210640_013_jpg.rf.346b1f23ac61a79b0fe4e0cb3367ae06.jpg,2268,4032,right,780,1156,1651,1734
20220926_210758_026_jpg.rf.32138757368a368641001862fa849054.jpg,2268,4032,left,670,1789,1632,2636
20220926_205930_007_jpg.rf.282f9f22c769b8be214a52bfcc4cce6c.jpg,2268,4032,down,858,980,1566,1948